{
   "SNR": 79.37395493150338,
   "CNR": 19.98677191196197,
   "FBER": 174.2595504556879,
   "EFC": -7553.637629235232,
   "asym": null,
   "avgDistToSurf": 70.99507904052734
}